{
    "name": "root",
    "gauges": {
        "AgentControl.Policy.Entropy.mean": {
            "value": 1.3210395574569702,
            "min": 1.3210395574569702,
            "max": 1.417094349861145,
            "count": 34
        },
        "AgentControl.Policy.Entropy.sum": {
            "value": 13197.185546875,
            "min": 13019.8984375,
            "max": 14386.341796875,
            "count": 34
        },
        "AgentControl.Step.mean": {
            "value": 339969.0,
            "min": 9960.0,
            "max": 339969.0,
            "count": 34
        },
        "AgentControl.Step.sum": {
            "value": 339969.0,
            "min": 9960.0,
            "max": 339969.0,
            "count": 34
        },
        "AgentControl.Policy.ExtrinsicValueEstimate.mean": {
            "value": 8.88952922821045,
            "min": -22.73600196838379,
            "max": 10.058218002319336,
            "count": 34
        },
        "AgentControl.Policy.ExtrinsicValueEstimate.sum": {
            "value": 1769.016357421875,
            "min": -3683.232421875,
            "max": 1840.65380859375,
            "count": 34
        },
        "AgentControl.Losses.PolicyLoss.mean": {
            "value": 0.03211284243501723,
            "min": 0.023122351358179,
            "max": 0.03662589655723423,
            "count": 34
        },
        "AgentControl.Losses.PolicyLoss.sum": {
            "value": 0.16056421217508615,
            "min": 0.10322779400739819,
            "max": 0.1766644680406898,
            "count": 34
        },
        "AgentControl.Losses.ValueLoss.mean": {
            "value": 1.5466430711746217,
            "min": 0.9852342888712883,
            "max": 6.291406753659249,
            "count": 34
        },
        "AgentControl.Losses.ValueLoss.sum": {
            "value": 7.733215355873108,
            "min": 4.9261714443564415,
            "max": 25.165627014636996,
            "count": 34
        },
        "AgentControl.Policy.LearningRate.mean": {
            "value": 0.00019964991345004,
            "min": 0.00019964991345004,
            "max": 0.0002982882005706,
            "count": 34
        },
        "AgentControl.Policy.LearningRate.sum": {
            "value": 0.0009982495672502,
            "min": 0.0008097988300671,
            "max": 0.0014627781124073001,
            "count": 34
        },
        "AgentControl.Policy.Epsilon.mean": {
            "value": 0.16654996,
            "min": 0.16654996,
            "max": 0.19942940000000003,
            "count": 34
        },
        "AgentControl.Policy.Epsilon.sum": {
            "value": 0.8327498,
            "min": 0.6699329,
            "max": 0.9875927000000001,
            "count": 34
        },
        "AgentControl.Policy.Beta.mean": {
            "value": 0.006658341004000002,
            "min": 0.006658341004000002,
            "max": 0.00994299706,
            "count": 34
        },
        "AgentControl.Policy.Beta.sum": {
            "value": 0.033291705020000006,
            "min": 0.027006296709999995,
            "max": 0.04876051073,
            "count": 34
        },
        "AgentControl.Environment.EpisodeLength.mean": {
            "value": 180.64912280701753,
            "min": 40.44292237442922,
            "max": 999.0,
            "count": 34
        },
        "AgentControl.Environment.EpisodeLength.sum": {
            "value": 10297.0,
            "min": 7392.0,
            "max": 12210.0,
            "count": 34
        },
        "AgentControl.Environment.CumulativeReward.mean": {
            "value": 15.629860438798604,
            "min": -267.33911633491516,
            "max": 34.22655789194436,
            "count": 34
        },
        "AgentControl.Environment.CumulativeReward.sum": {
            "value": 890.9020450115204,
            "min": -2988.8968193531036,
            "max": 992.5701788663864,
            "count": 34
        },
        "AgentControl.Policy.ExtrinsicReward.mean": {
            "value": 15.629860438798604,
            "min": -267.33911633491516,
            "max": 34.22655789194436,
            "count": 34
        },
        "AgentControl.Policy.ExtrinsicReward.sum": {
            "value": 890.9020450115204,
            "min": -2988.8968193531036,
            "max": 992.5701788663864,
            "count": 34
        },
        "AgentControl.IsTraining.mean": {
            "value": 1.0,
            "min": 1.0,
            "max": 1.0,
            "count": 34
        },
        "AgentControl.IsTraining.sum": {
            "value": 1.0,
            "min": 1.0,
            "max": 1.0,
            "count": 34
        }
    },
    "metadata": {
        "timer_format_version": "0.1.0",
        "start_time_seconds": "1747696346",
        "python_version": "3.9.13 (tags/v3.9.13:6de2ca5, May 17 2022, 16:36:42) [MSC v.1929 64 bit (AMD64)]",
        "command_line_arguments": "C:\\Users\\Michal\\Documents\\GitHub\\AI-Parking-Assistant\\venv\\Scripts\\mlagents-learn config/moveToGoal.yaml --run-id=Test11",
        "mlagents_version": "0.30.0",
        "mlagents_envs_version": "0.30.0",
        "communication_protocol_version": "1.5.0",
        "pytorch_version": "2.7.0+cpu",
        "numpy_version": "1.21.2",
        "end_time_seconds": "1747697086"
    },
    "total": 739.5084046,
    "count": 1,
    "self": 0.00813479999987976,
    "children": {
        "run_training.setup": {
            "total": 0.21071269999999975,
            "count": 1,
            "self": 0.21071269999999975
        },
        "TrainerController.start_learning": {
            "total": 739.2895571,
            "count": 1,
            "self": 0.7928980999887472,
            "children": {
                "TrainerController._reset_env": {
                    "total": 9.0687843,
                    "count": 1,
                    "self": 9.0687843
                },
                "TrainerController.advance": {
                    "total": 729.2873758000112,
                    "count": 39761,
                    "self": 0.764222300000938,
                    "children": {
                        "env_step": {
                            "total": 586.2736530000061,
                            "count": 39761,
                            "self": 550.2298297000083,
                            "children": {
                                "SubprocessEnvManager._take_step": {
                                    "total": 35.53970190000125,
                                    "count": 39761,
                                    "self": 2.3415165999996006,
                                    "children": {
                                        "TorchPolicy.evaluate": {
                                            "total": 33.19818530000165,
                                            "count": 38514,
                                            "self": 33.19818530000165
                                        }
                                    }
                                },
                                "workers": {
                                    "total": 0.5041213999966043,
                                    "count": 39760,
                                    "self": 0.0,
                                    "children": {
                                        "worker_root": {
                                            "total": 685.2487798000001,
                                            "count": 39760,
                                            "is_parallel": true,
                                            "self": 223.55221150000807,
                                            "children": {
                                                "steps_from_proto": {
                                                    "total": 0.0004711999999997829,
                                                    "count": 1,
                                                    "is_parallel": true,