{
    "name": "root",
    "gauges": {
        "AgentControl.Policy.Entropy.mean": {
            "value": 1.704769253730774,
            "min": 1.4205188751220703,
            "max": 1.704769253730774,
            "count": 91
        },
        "AgentControl.Policy.Entropy.sum": {
            "value": 17245.4453125,
            "min": 13959.99609375,
            "max": 17255.46484375,
            "count": 91
        },
        "AgentControl.Step.mean": {
            "value": 909966.0,
            "min": 9958.0,
            "max": 909966.0,
            "count": 91
        },
        "AgentControl.Step.sum": {
            "value": 909966.0,
            "min": 9958.0,
            "max": 909966.0,
            "count": 91
        },
        "AgentControl.Policy.ExtrinsicValueEstimate.mean": {
            "value": 3.453291893005371,
            "min": -3.005112886428833,
            "max": 3.9113337993621826,
            "count": 91
        },
        "AgentControl.Policy.ExtrinsicValueEstimate.sum": {
            "value": 279.7166442871094,
            "min": -256.9744873046875,
            "max": 318.47723388671875,
            "count": 91
        },
        "AgentControl.Losses.PolicyLoss.mean": {
            "value": 0.035036680318444265,
            "min": 0.023464638159202876,
            "max": 0.037780900159850715,
            "count": 91
        },
        "AgentControl.Losses.PolicyLoss.sum": {
            "value": 0.14014672127377706,
            "min": 0.10108978638745612,
            "max": 0.18890450079925358,
            "count": 91
        },
        "AgentControl.Losses.ValueLoss.mean": {
            "value": 0.026543295825831592,
            "min": 0.0053653485479298975,
            "max": 4.476366426050663,
            "count": 91
        },
        "AgentControl.Losses.ValueLoss.sum": {
            "value": 0.10617318330332637,
            "min": 0.02486491457093507,
            "max": 19.00405021309853,
            "count": 91
        },
        "AgentControl.Policy.LearningRate.mean": {
            "value": 9.095212404788501e-05,
            "min": 9.095212404788501e-05,
            "max": 9.994365505634501e-05,
            "count": 91
        },
        "AgentControl.Policy.LearningRate.sum": {
            "value": 0.00036380849619154003,
            "min": 0.00036380849619154003,
            "max": 0.00049877972122028,
            "count": 91
        },
        "AgentControl.Policy.Epsilon.mean": {
            "value": 0.19095211499999998,
            "min": 0.19095211499999998,
            "max": 0.19994365499999997,
            "count": 91
        },
        "AgentControl.Policy.Epsilon.sum": {
            "value": 0.7638084599999999,
            "min": 0.7638084599999999,
            "max": 0.99877972,
            "count": 91
        },
        "AgentControl.Policy.Beta.mean": {
            "value": 0.027286539288499997,
            "min": 0.027286539288499997,
            "max": 0.029983102134499996,
            "count": 91
        },
        "AgentControl.Policy.Beta.sum": {
            "value": 0.10914615715399999,
            "min": 0.10914615715399999,
            "max": 0.14963403802800002,
            "count": 91
        },
        "AgentControl.Environment.EpisodeLength.mean": {
            "value": 882.2,
            "min": 452.95454545454544,
            "max": 999.0,
            "count": 91
        },
        "AgentControl.Environment.EpisodeLength.sum": {
            "value": 8822.0,
            "min": 7398.0,
            "max": 12851.0,
            "count": 91
        },
        "AgentControl.Environment.CumulativeReward.mean": {
            "value": 32.67377309799194,
            "min": -46.86786055800162,
            "max": 40.07389137479994,
            "count": 91
        },
        "AgentControl.Environment.CumulativeReward.sum": {
            "value": 326.73773097991943,
            "min": -890.4893506020308,
            "max": 440.36614894866943,
            "count": 91
        },
        "AgentControl.Policy.ExtrinsicReward.mean": {
            "value": 32.67377309799194,
            "min": -46.86786055800162,
            "max": 40.07389137479994,
            "count": 91
        },
        "AgentControl.Policy.ExtrinsicReward.sum": {
            "value": 326.73773097991943,
            "min": -890.4893506020308,
            "max": 440.36614894866943,
            "count": 91
        },
        "AgentControl.IsTraining.mean": {
            "value": 1.0,
            "min": 1.0,
            "max": 1.0,
            "count": 91
        },
        "AgentControl.IsTraining.sum": {
            "value": 1.0,
            "min": 1.0,
            "max": 1.0,
            "count": 91
        }
    },
    "metadata": {
        "timer_format_version": "0.1.0",
        "start_time_seconds": "1748207424",
        "python_version": "3.9.13 (tags/v3.9.13:6de2ca5, May 17 2022, 16:36:42) [MSC v.1929 64 bit (AMD64)]",
        "command_line_arguments": "C:\\AI-Parking-Assistant\\venv\\Scripts\\mlagents-learn config/moveToGoal.yaml --run-id=Dzien2505testnr4",
        "mlagents_version": "0.30.0",
        "mlagents_envs_version": "0.30.0",
        "communication_protocol_version": "1.5.0",
        "pytorch_version": "2.7.0+cpu",
        "numpy_version": "1.21.2",
        "end_time_seconds": "1748208700"
    },
    "total": 1276.0104432,
    "count": 1,
    "self": 0.006117200000062439,
    "children": {
        "run_training.setup": {
            "total": 0.18656110000000004,
            "count": 1,
            "self": 0.18656110000000004
        },
        "TrainerController.start_learning": {
            "total": 1275.8177649,
            "count": 1,
            "self": 2.0614876000117874,
            "children": {
                "TrainerController._reset_env": {
                    "total": 12.3393179,
                    "count": 1,
                    "self": 12.3393179
                },
                "TrainerController.advance": {
                    "total": 1261.3459862999882,
                    "count": 102442,
                    "self": 1.9734007999938967,
                    "children": {
                        "env_step": {
                            "total": 893.6533913000047,
                            "count": 102442,
                            "self": 795.5466826000182,
                            "children": {
                                "SubprocessEnvManager._take_step": {
                                    "total": 96.82526269998225,
                                    "count": 102442,
                                    "self": 5.91877679998602,
                                    "children": {
                                        "TorchPolicy.evaluate": {
                                            "total": 90.90648589999623,
                                            "count": 101564,
                                            "self": 90.90648589999623
                                        }
                                    }
                                },
                                "workers": {
                                    "total": 1.281446000004241,
                                    "count": 102441,
                                    "self": 0.0,
                                    "children": {
                                        "worker_root": {
                                            "total": 1198.7075511000203,
                                            "count": 102441,
                                            "is_parallel": true,
                                            "self": 577.0909273000522,
                                            "children": {
                                                "steps_from_proto": {
                                                    "total": 0.0005822000000001992,
                                                    "count": 1,
                                                    "is_parallel": true,