{
    "name": "root",
    "metadata": {
        "timer_format_version": "0.1.0",
        "start_time_seconds": "1747409080",
        "python_version": "3.9.13 (tags/v3.9.13:6de2ca5, May 17 2022, 16:36:42) [MSC v.1929 64 bit (AMD64)]",
        "command_line_arguments": "C:\\Users\\Michal\\Documents\\GitHub\\AI-Parking-Assistant\\venv\\Scripts\\mlagents-learn config/moveToGoal.yaml --run-id=Trening2",
        "mlagents_version": "0.30.0",
        "mlagents_envs_version": "0.30.0",
        "communication_protocol_version": "1.5.0",
        "pytorch_version": "2.7.0+cpu",
        "numpy_version": "1.21.2",
        "end_time_seconds": "1747409221"
    },
    "total": 140.7197502,
    "count": 1,
    "self": 0.005701600000008966,
    "children": {
        "run_training.setup": {
            "total": 0.21986890000000026,
            "count": 1,
            "self": 0.21986890000000026
        },
        "TrainerController.start_learning": {
            "total": 140.4941797,
            "count": 1,
            "self": 0.04945969999997146,
            "children": {
                "TrainerController._reset_env": {
                    "total": 57.6577099,
                    "count": 1,
                    "self": 57.6577099
                },
                "TrainerController.advance": {
                    "total": 82.4664519,
                    "count": 2467,
                    "self": 0.049141300000016486,
                    "children": {
                        "env_step": {
                            "total": 78.63450570000005,
                            "count": 2467,
                            "self": 76.56608599999987,
                            "children": {
                                "SubprocessEnvManager._take_step": {
                                    "total": 2.037059799999696,
                                    "count": 2467,
                                    "self": 0.1485319999997401,
                                    "children": {
                                        "TorchPolicy.evaluate": {
                                            "total": 1.888527799999956,
                                            "count": 2467,
                                            "self": 1.888527799999956
                                        }
                                    }
                                },
                                "workers": {
                                    "total": 0.031359900000488494,
                                    "count": 2466,
                                    "self": 0.0,
                                    "children": {
                                        "worker_root": {
                                            "total": 29.894018799999934,
                                            "count": 2466,
                                            "is_parallel": true,
                                            "self": 18.80482020000013,
                                            "children": {
                                                "steps_from_proto": {
                                                    "total": 0.0003719999999987067,
                                                    "count": 1,
                                                    "is_parallel": true,
                                                    "self": 0.00010019999999855145,
                                                    "children": {
                                                        "_process_rank_one_or_two_observation": {
                                                            "total": 0.00027180000000015525,
                                                            "count": 4,
                                                            "is_parallel": true,
                                                            "self": 0.00027180000000015525
                                                        }
                                                    }
                                                },
                                                "UnityEnvironment.step": {
                                                    "total": 11.088826599999805,
                                                    "count": 2466,
                                                    "is_parallel": true,
                                                    "self": 0.1816109999996769,
                                                    "children": {
                                                        "UnityEnvironment._generate_step_input": {
                                                            "total": 0.14498869999962238,
                                                            "count": 2466,
                                                            "is_parallel": true,
                                                            "self": 0.14498869999962238
                                                        },
                                                        "communicator.exchange": {
                                                            "total": 10.204408900000338,
                                                            "count": 2466,
                                                            "is_parallel": true,
                                                            "self": 10.204408900000338
                                                        },
                                                        "steps_from_proto": {
                                                            "total": 0.557818000000168,
                                                            "count": 2466,
                                                            "is_parallel": true,
                                                            "self": 0.22532779999903596,
                                                            "children": {
                                                                "_process_rank_one_or_two_observation": {
                                                                    "total": 0.33249020000113205,
                                                                    "count": 9864,
                                                                    "is_parallel": true,
                                                                    "self": 0.33249020000113205
                                                                }
                                                            }
                                                        }
                                                    }
                                                }
                                            }
                                        }
                                    }
                                }
                            }
                        },
                        "trainer_advance": {
                            "total": 3.782804899999931,
                            "count": 2466,
                            "self": 0.05871549999978498,
                            "children": {
                                "process_trajectory": {
                                    "total": 0.1865131000001412,
                                    "count": 2466,
                                    "self": 0.1865131000001412
                                },
                                "_update_policy": {
                                    "total": 3.537576300000005,
                                    "count": 18,
                                    "self": 0.43367540000033244,
                                    "children": {
                                        "TorchPPOOptimizer.update": {
                                            "total": 3.1039008999996724,
                                            "count": 681,