{
    "name": "root",
    "gauges": {
        "AgentControl.Policy.Entropy.mean": {
            "value": 1.422940969467163,
            "min": 1.4151870012283325,
            "max": 1.422940969467163,
            "count": 3
        },
        "AgentControl.Policy.Entropy.sum": {
            "value": 71010.4453125,
            "min": 70904.5,
            "max": 71200.890625,
            "count": 3
        },
        "AgentControl.Step.mean": {
            "value": 149988.0,
            "min": 49956.0,
            "max": 149988.0,
            "count": 3
        },
        "AgentControl.Step.sum": {
            "value": 149988.0,
            "min": 49956.0,
            "max": 149988.0,
            "count": 3
        },
        "AgentControl.Policy.ExtrinsicValueEstimate.mean": {
            "value": 0.20162300765514374,
            "min": -0.22553451359272003,
            "max": 0.20162300765514374,
            "count": 3
        },
        "AgentControl.Policy.ExtrinsicValueEstimate.sum": {
            "value": 182.8720703125,
            "min": -198.24484252929688,
            "max": 182.8720703125,
            "count": 3
        },
        "AgentControl.Environment.EpisodeLength.mean": {
            "value": 239.34146341463415,
            "min": 229.5607476635514,
            "max": 313.5222929936306,
            "count": 3
        },
        "AgentControl.Environment.EpisodeLength.sum": {
            "value": 49065.0,
            "min": 49065.0,
            "max": 49223.0,
            "count": 3
        },
        "AgentControl.Environment.CumulativeReward.mean": {
            "value": 0.6133333645765578,
            "min": 0.1728741556552838,
            "max": 0.6135545312851302,
            "count": 3
        },
        "AgentControl.Environment.CumulativeReward.sum": {
            "value": 125.1200063736178,
            "min": 27.141242437879555,
            "max": 131.30066969501786,
            "count": 3
        },
        "AgentControl.Policy.ExtrinsicReward.mean": {
            "value": 0.6133333645765578,
            "min": 0.1728741556552838,
            "max": 0.6135545312851302,
            "count": 3
        },
        "AgentControl.Policy.ExtrinsicReward.sum": {
            "value": 125.1200063736178,
            "min": 27.141242437879555,
            "max": 131.30066969501786,
            "count": 3
        },
        "AgentControl.Losses.PolicyLoss.mean": {
            "value": 0.024620688163364927,
            "min": 0.0221152135830683,
            "max": 0.024620688163364927,
            "count": 3
        },
        "AgentControl.Losses.PolicyLoss.sum": {
            "value": 0.12310344081682464,
            "min": 0.0884608543322732,
            "max": 0.12310344081682464,
            "count": 3
        },
        "AgentControl.Losses.ValueLoss.mean": {
            "value": 0.011061422973871231,
            "min": 0.011061422973871231,
            "max": 0.035568173866098125,
            "count": 3
        },
        "AgentControl.Losses.ValueLoss.sum": {
            "value": 0.055307114869356154,
            "min": 0.055307114869356154,
            "max": 0.1422726954643925,
            "count": 3
        },
        "AgentControl.Policy.LearningRate.mean": {
            "value": 0.00022579586473472002,
            "min": 0.00022579586473472002,
            "max": 0.00028437780520740004,
            "count": 3
        },
        "AgentControl.Policy.LearningRate.sum": {
            "value": 0.0011289793236736,
            "min": 0.0011289793236736,
            "max": 0.0012830412723196,
            "count": 3
        },
        "AgentControl.Policy.Epsilon.mean": {
            "value": 0.17526528000000002,
            "min": 0.17526528000000002,
            "max": 0.19479260000000004,
            "count": 3
        },
        "AgentControl.Policy.Epsilon.sum": {
            "value": 0.8763264000000001,
            "min": 0.7791704000000002,
            "max": 0.9276804000000001,
            "count": 3
        },
        "AgentControl.Policy.Beta.mean": {
            "value": 0.0037657374720000006,
            "min": 0.0037657374720000006,
            "max": 0.00474015074,
            "count": 3
        },
        "AgentControl.Policy.Beta.sum": {
            "value": 0.018828687360000002,
            "min": 0.018828687360000002,
            "max": 0.021391251960000003,
            "count": 3
        },
        "AgentControl.IsTraining.mean": {
            "value": 1.0,
            "min": 1.0,
            "max": 1.0,
            "count": 3
        },
        "AgentControl.IsTraining.sum": {
            "value": 1.0,
            "min": 1.0,
            "max": 1.0,
            "count": 3
        }
    },
    "metadata": {
        "timer_format_version": "0.1.0",
        "start_time_seconds": "1747169984",
        "python_version": "3.9.13 (tags/v3.9.13:6de2ca5, May 17 2022, 16:36:42) [MSC v.1929 64 bit (AMD64)]",
        "command_line_arguments": "C:\\AI-Parking-Assistant\\venv\\Scripts\\mlagents-learn --run-id=Testnowy4",
        "mlagents_version": "0.30.0",
        "mlagents_envs_version": "0.30.0",
        "communication_protocol_version": "1.5.0",
        "pytorch_version": "2.7.0+cpu",
        "numpy_version": "1.21.2",
        "end_time_seconds": "1747170227"
    },
    "total": 243.2695754,
    "count": 1,
    "self": 0.005022200000013299,
    "children": {
        "run_training.setup": {
            "total": 0.04446819999999985,
            "count": 1,
            "self": 0.04446819999999985
        },
        "TrainerController.start_learning": {
            "total": 243.22008499999998,
            "count": 1,
            "self": 0.41721080000041866,
            "children": {
                "TrainerController._reset_env": {
                    "total": 8.5406026,
                    "count": 1,
                    "self": 8.5406026
                },
                "TrainerController.advance": {
                    "total": 234.11952059999956,
                    "count": 20911,
                    "self": 0.39221529999989,
                    "children": {
                        "env_step": {
                            "total": 203.68960769999995,
                            "count": 20911,
                            "self": 188.67282519999992,
                            "children": {
                                "SubprocessEnvManager._take_step": {
                                    "total": 14.75520839999993,
                                    "count": 20911,
                                    "self": 1.0977375000002088,
                                    "children": {
                                        "TorchPolicy.evaluate": {
                                            "total": 13.657470899999721,
                                            "count": 20484,
                                            "self": 13.657470899999721
                                        }
                                    }
                                },
                                "workers": {
                                    "total": 0.2615741000001073,
                                    "count": 20910,
                                    "self": 0.0,
                                    "children": {
                                        "worker_root": {
                                            "total": 172.21845480000005,
                                            "count": 20910,
                                            "is_parallel": true,
                                            "self": 67.86628830000123,
                                            "children": {
                                                "steps_from_proto": {
                                                    "total": 0.0007766000000000162,
                                                    "count": 1,
                                                    "is_parallel": true,