{
    "name": "root",
    "gauges": {
        "AgentControl.Policy.Entropy.mean": {
            "value": 1.4228672981262207,
            "min": 1.4228672981262207,
            "max": 1.4228672981262207,
            "count": 1
        },
        "AgentControl.Policy.Entropy.sum": {
            "value": 71530.3828125,
            "min": 71530.3828125,
            "max": 71530.3828125,
            "count": 1
        },
        "AgentControl.Environment.EpisodeLength.mean": {
            "value": 218.18385650224215,
            "min": 218.18385650224215,
            "max": 218.18385650224215,
            "count": 1
        },
        "AgentControl.Environment.EpisodeLength.sum": {
            "value": 48655.0,
            "min": 48655.0,
            "max": 48655.0,
            "count": 1
        },
        "AgentControl.Step.mean": {
            "value": 49966.0,
            "min": 49966.0,
            "max": 49966.0,
            "count": 1
        },
        "AgentControl.Step.sum": {
            "value": 49966.0,
            "min": 49966.0,
            "max": 49966.0,
            "count": 1
        },
        "AgentControl.Policy.ExtrinsicValueEstimate.mean": {
            "value": -0.4562058448791504,
            "min": -0.4562058448791504,
            "max": -0.4562058448791504,
            "count": 1
        },
        "AgentControl.Policy.ExtrinsicValueEstimate.sum": {
            "value": -409.6728515625,
            "min": -409.6728515625,
            "max": -409.6728515625,
            "count": 1
        },
        "AgentControl.Environment.CumulativeReward.mean": {
            "value": -1.4522538191047414,
            "min": -1.4522538191047414,
            "max": -1.4522538191047414,
            "count": 1
        },
        "AgentControl.Environment.CumulativeReward.sum": {
            "value": -323.8526016603573,
            "min": -323.8526016603573,
            "max": -323.8526016603573,
            "count": 1
        },
        "AgentControl.Policy.ExtrinsicReward.mean": {
            "value": -1.4522538191047414,
            "min": -1.4522538191047414,
            "max": -1.4522538191047414,
            "count": 1
        },
        "AgentControl.Policy.ExtrinsicReward.sum": {
            "value": -323.8526016603573,
            "min": -323.8526016603573,
            "max": -323.8526016603573,
            "count": 1
        },
        "AgentControl.Losses.PolicyLoss.mean": {
            "value": 0.02526057489934222,
            "min": 0.02526057489934222,
            "max": 0.02526057489934222,
            "count": 1
        },
        "AgentControl.Losses.PolicyLoss.sum": {
            "value": 0.10104229959736888,
            "min": 0.10104229959736888,
            "max": 0.10104229959736888,
            "count": 1
        },
        "AgentControl.Losses.ValueLoss.mean": {
            "value": 0.03398308486988147,
            "min": 0.03398308486988147,
            "max": 0.03398308486988147,
            "count": 1
        },
        "AgentControl.Losses.ValueLoss.sum": {
            "value": 0.13593233947952588,
            "min": 0.13593233947952588,
            "max": 0.13593233947952588,
            "count": 1
        },
        "AgentControl.Policy.LearningRate.mean": {
            "value": 0.00028454340515220004,
            "min": 0.00028454340515220004,
            "max": 0.00028454340515220004,
            "count": 1
        },
        "AgentControl.Policy.LearningRate.sum": {
            "value": 0.0011381736206088002,
            "min": 0.0011381736206088002,
            "max": 0.0011381736206088002,
            "count": 1
        },
        "AgentControl.Policy.Epsilon.mean": {
            "value": 0.19484780000000002,
            "min": 0.19484780000000002,
            "max": 0.19484780000000002,
            "count": 1
        },
        "AgentControl.Policy.Epsilon.sum": {
            "value": 0.7793912000000001,
            "min": 0.7793912000000001,
            "max": 0.7793912000000001,
            "count": 1
        },
        "AgentControl.Policy.Beta.mean": {
            "value": 0.004742905220000001,
            "min": 0.004742905220000001,
            "max": 0.004742905220000001,
            "count": 1
        },
        "AgentControl.Policy.Beta.sum": {
            "value": 0.018971620880000005,
            "min": 0.018971620880000005,
            "max": 0.018971620880000005,
            "count": 1
        },
        "AgentControl.IsTraining.mean": {
            "value": 1.0,
            "min": 1.0,
            "max": 1.0,
            "count": 1
        },
        "AgentControl.IsTraining.sum": {
            "value": 1.0,
            "min": 1.0,
            "max": 1.0,
            "count": 1
        }
    },
    "metadata": {
        "timer_format_version": "0.1.0",
        "start_time_seconds": "1747169136",
        "python_version": "3.9.13 (tags/v3.9.13:6de2ca5, May 17 2022, 16:36:42) [MSC v.1929 64 bit (AMD64)]",
        "command_line_arguments": "C:\\AI-Parking-Assistant\\venv\\Scripts\\mlagents-learn --run-id=Testnowy2",
        "mlagents_version": "0.30.0",
        "mlagents_envs_version": "0.30.0",
        "communication_protocol_version": "1.5.0",
        "pytorch_version": "2.7.0+cpu",
        "numpy_version": "1.21.2",
        "end_time_seconds": "1747169395"
    },
    "total": 258.9724521,
    "count": 1,
    "self": 0.006000999999969281,
    "children": {
        "run_training.setup": {
            "total": 0.06115760000000048,
            "count": 1,
            "self": 0.06115760000000048
        },
        "TrainerController.start_learning": {
            "total": 258.9052935,
            "count": 1,
            "self": 0.25646860000028937,
            "children": {
                "TrainerController._reset_env": {
                    "total": 14.1334492,
                    "count": 1,
                    "self": 14.1334492
                },
                "TrainerController.advance": {
                    "total": 244.19301829999975,
                    "count": 12001,
                    "self": 0.2653921000011792,
                    "children": {
                        "env_step": {
                            "total": 225.37986789999883,
                            "count": 12001,
                            "self": 215.93289869999793,
                            "children": {
                                "SubprocessEnvManager._take_step": {
                                    "total": 9.287937000000849,
                                    "count": 12001,
                                    "self": 0.7005672000002612,
                                    "children": {
                                        "TorchPolicy.evaluate": {
                                            "total": 8.587369800000587,
                                            "count": 11761,
                                            "self": 8.587369800000587
                                        }
                                    }
                                },
                                "workers": {
                                    "total": 0.15903220000004126,
                                    "count": 12000,
                                    "self": 0.0,
                                    "children": {
                                        "worker_root": {
                                            "total": 126.18845089999965,
                                            "count": 12000,
                                            "is_parallel": true,
                                            "self": 46.20968979999941,
                                            "children": {
                                                "steps_from_proto": {
                                                    "total": 0.0022729000000012434,
                                                    "count": 1,
                                                    "is_parallel": true,