{
    "name": "root",
    "gauges": {
        "AgentControl.Policy.Entropy.mean": {
            "value": 1.4806283712387085,
            "min": 1.4195077419281006,
            "max": 1.4806283712387085,
            "count": 20
        },
        "AgentControl.Policy.Entropy.sum": {
            "value": 14724.849609375,
            "min": 14118.38671875,
            "max": 15011.294921875,
            "count": 20
        },
        "AgentControl.Step.mean": {
            "value": 199947.0,
            "min": 9926.0,
            "max": 199947.0,
            "count": 20
        },
        "AgentControl.Step.sum": {
            "value": 199947.0,
            "min": 9926.0,
            "max": 199947.0,
            "count": 20
        },
        "AgentControl.Policy.ExtrinsicValueEstimate.mean": {
            "value": -0.08147978037595749,
            "min": -0.20072978734970093,
            "max": 0.040414925664663315,
            "count": 20
        },
        "AgentControl.Policy.ExtrinsicValueEstimate.sum": {
            "value": -6.762821674346924,
            "min": -16.660572052001953,
            "max": 3.3948538303375244,
            "count": 20
        },
        "AgentControl.Environment.EpisodeLength.mean": {
            "value": 778.7142857142857,
            "min": 439.89473684210526,
            "max": 999.0,
            "count": 20
        },
        "AgentControl.Environment.EpisodeLength.sum": {
            "value": 10902.0,
            "min": 8076.0,
            "max": 12328.0,
            "count": 20
        },
        "AgentControl.Environment.CumulativeReward.mean": {
            "value": 1.558381355725802,
            "min": 0.4037543833255768,
            "max": 2.743306338787079,
            "count": 20
        },
        "AgentControl.Environment.CumulativeReward.sum": {
            "value": 20.258957624435425,
            "min": 6.4600701332092285,
            "max": 33.34192377328873,
            "count": 20
        },
        "AgentControl.Policy.ExtrinsicReward.mean": {
            "value": 1.558381355725802,
            "min": 0.4037543833255768,
            "max": 2.743306338787079,
            "count": 20
        },
        "AgentControl.Policy.ExtrinsicReward.sum": {
            "value": 20.258957624435425,
            "min": 6.4600701332092285,
            "max": 33.34192377328873,
            "count": 20
        },
        "AgentControl.Losses.PolicyLoss.mean": {
            "value": 0.03275297694126493,
            "min": 0.0267714349149901,
            "max": 0.03817456612014212,
            "count": 20
        },
        "AgentControl.Losses.PolicyLoss.sum": {
            "value": 0.16376488470632466,
            "min": 0.10915700634068343,
            "max": 0.19087283060071059,
            "count": 20
        },
        "AgentControl.Losses.ValueLoss.mean": {
            "value": 0.0046327821025624865,
            "min": 0.002541685527103255,
            "max": 0.02288596626603976,
            "count": 20
        },
        "AgentControl.Losses.ValueLoss.sum": {
            "value": 0.023163910512812434,
            "min": 0.01016674210841302,
            "max": 0.09154386506415904,
            "count": 20
        },
        "AgentControl.Policy.LearningRate.mean": {
            "value": 9.8044339955662e-05,
            "min": 9.8044339955662e-05,
            "max": 9.994380505619501e-05,
            "count": 20
        },
        "AgentControl.Policy.LearningRate.sum": {
            "value": 0.0004902216997783099,
            "min": 0.00039341116658884003,
            "max": 0.00049924207075793,
            "count": 20
        },
        "AgentControl.Policy.Epsilon.mean": {
            "value": 0.19804433800000004,
            "min": 0.19804433800000004,
            "max": 0.19994380500000003,
            "count": 20
        },
        "AgentControl.Policy.Epsilon.sum": {
            "value": 0.9902216900000002,
            "min": 0.79341116,
            "max": 0.99924207,
            "count": 20
        },
        "AgentControl.Policy.Beta.mean": {
            "value": 0.029413496966200003,
            "min": 0.029413496966200003,
            "max": 0.029983147119500002,
            "count": 20
        },
        "AgentControl.Policy.Beta.sum": {
            "value": 0.14706748483100002,
            "min": 0.118024006884,
            "max": 0.14977269679299998,
            "count": 20
        },
        "AgentControl.IsTraining.mean": {
            "value": 1.0,
            "min": 1.0,
            "max": 1.0,
            "count": 20
        },
        "AgentControl.IsTraining.sum": {
            "value": 1.0,
            "min": 1.0,
            "max": 1.0,
            "count": 20
        }
    },
    "metadata": {
        "timer_format_version": "0.1.0",
        "start_time_seconds": "1747910930",
        "python_version": "3.9.13 (tags/v3.9.13:6de2ca5, May 17 2022, 16:36:42) [MSC v.1929 64 bit (AMD64)]",
        "command_line_arguments": "C:\\Users\\Michal\\Documents\\GitHub\\AI-Parking-Assistant\\venv\\Scripts\\mlagents-learn config/moveToGoal.yaml --run-id=TEST2",
        "mlagents_version": "0.30.0",
        "mlagents_envs_version": "0.30.0",
        "communication_protocol_version": "1.5.0",
        "pytorch_version": "2.7.0+cpu",
        "numpy_version": "1.21.2",
        "end_time_seconds": "1747911289"
    },
    "total": 358.7096457,
    "count": 1,
    "self": 0.0056900999999811575,
    "children": {
        "run_training.setup": {
            "total": 0.21570290000000014,
            "count": 1,
            "self": 0.21570290000000014
        },
        "TrainerController.start_learning": {
            "total": 358.48825270000003,
            "count": 1,
            "self": 0.4610163999979022,
            "children": {
                "TrainerController._reset_env": {
                    "total": 10.158325399999999,
                    "count": 1,
                    "self": 10.158325399999999
                },
                "TrainerController.advance": {
                    "total": 347.7341990000021,
                    "count": 22543,
                    "self": 0.46125570000282323,
                    "children": {
                        "env_step": {
                            "total": 261.2774119999987,
                            "count": 22543,
                            "self": 238.43899509999991,
                            "children": {
                                "SubprocessEnvManager._take_step": {
                                    "total": 22.549385399996893,
                                    "count": 22543,
                                    "self": 1.3754412999972345,
                                    "children": {
                                        "TorchPolicy.evaluate": {
                                            "total": 21.17394409999966,
                                            "count": 22331,
                                            "self": 21.17394409999966
                                        }
                                    }
                                },
                                "workers": {
                                    "total": 0.28903150000191324,
                                    "count": 22542,
                                    "self": 0.0,
                                    "children": {
                                        "worker_root": {
                                            "total": 338.32387520000145,
                                            "count": 22542,
                                            "is_parallel": true,
                                            "self": 136.04590279999982,
                                            "children": {
                                                "steps_from_proto": {
                                                    "total": 0.00042260000000027276,
                                                    "count": 1,