{
    "name": "root",
    "gauges": {
        "AgentControl.Policy.Entropy.mean": {
            "value": 1.50495445728302,
            "min": 1.421091079711914,
            "max": 1.5090090036392212,
            "count": 100
        },
        "AgentControl.Policy.Entropy.sum": {
            "value": 14831.326171875,
            "min": 13998.8251953125,
            "max": 15312.853515625,
            "count": 100
        },
        "AgentControl.Step.mean": {
            "value": 999916.0,
            "min": 9894.0,
            "max": 999916.0,
            "count": 100
        },
        "AgentControl.Step.sum": {
            "value": 999916.0,
            "min": 9894.0,
            "max": 999916.0,
            "count": 100
        },
        "AgentControl.Policy.ExtrinsicValueEstimate.mean": {
            "value": -0.019741782918572426,
            "min": -0.15287211537361145,
            "max": 0.148473858833313,
            "count": 100
        },
        "AgentControl.Policy.ExtrinsicValueEstimate.sum": {
            "value": -1.6583096981048584,
            "min": -12.229768753051758,
            "max": 12.026382446289062,
            "count": 100
        },
        "AgentControl.Losses.PolicyLoss.mean": {
            "value": 0.02768901886702224,
            "min": 0.02443545904588973,
            "max": 0.03742274033411377,
            "count": 100
        },
        "AgentControl.Losses.PolicyLoss.sum": {
            "value": 0.11075607546808897,
            "min": 0.09774183618355892,
            "max": 0.18711370167056884,
            "count": 100
        },
        "AgentControl.Losses.ValueLoss.mean": {
            "value": 0.00768328059639316,
            "min": 0.001421312101010699,
            "max": 0.08109662546659821,
            "count": 100
        },
        "AgentControl.Losses.ValueLoss.sum": {
            "value": 0.03073312238557264,
            "min": 0.007106560505053495,
            "max": 0.405483127332991,
            "count": 100
        },
        "AgentControl.Policy.LearningRate.mean": {
            "value": 5.014494986500005e-07,
            "min": 5.014494986500005e-07,
            "max": 9.943755056245e-05,
            "count": 100
        },
        "AgentControl.Policy.LearningRate.sum": {
            "value": 2.005797994600002e-06,
            "min": 2.005797994600002e-06,
            "max": 0.0004922629077371,
            "count": 100
        },
        "AgentControl.Policy.Epsilon.mean": {
            "value": 0.10050135000000002,
            "min": 0.10050135000000002,
            "max": 0.19943755000000007,
            "count": 100
        },
        "AgentControl.Policy.Epsilon.sum": {
            "value": 0.40200540000000007,
            "min": 0.40200540000000007,
            "max": 0.9922628999999998,
            "count": 100
        },
        "AgentControl.Policy.Beta.mean": {
            "value": 0.00016035486500000015,
            "min": 0.00016035486500000015,
            "max": 0.029831321245,
            "count": 100
        },
        "AgentControl.Policy.Beta.sum": {
            "value": 0.0006414194600000006,
            "min": 0.0006414194600000006,
            "max": 0.14767964371,
            "count": 100
        },
        "AgentControl.Environment.EpisodeLength.mean": {
            "value": 803.9285714285714,
            "min": 532.8235294117648,
            "max": 967.9090909090909,
            "count": 100
        },
        "AgentControl.Environment.EpisodeLength.sum": {
            "value": 11255.0,
            "min": 7560.0,
            "max": 12531.0,
            "count": 100
        },
        "AgentControl.Environment.CumulativeReward.mean": {
            "value": 1.927490336554391,
            "min": -1.2542780312624844,
            "max": 3.3891613284746804,
            "count": 100
        },
        "AgentControl.Environment.CumulativeReward.sum": {
            "value": 26.984864711761475,
            "min": -13.797058343887329,
            "max": 47.885682344436646,
            "count": 100
        },
        "AgentControl.Policy.ExtrinsicReward.mean": {
            "value": 1.927490336554391,
            "min": -1.2542780312624844,
            "max": 3.3891613284746804,
            "count": 100
        },
        "AgentControl.Policy.ExtrinsicReward.sum": {
            "value": 26.984864711761475,
            "min": -13.797058343887329,
            "max": 47.885682344436646,
            "count": 100
        },
        "AgentControl.IsTraining.mean": {
            "value": 1.0,
            "min": 1.0,
            "max": 1.0,
            "count": 100
        },
        "AgentControl.IsTraining.sum": {
            "value": 1.0,
            "min": 1.0,
            "max": 1.0,
            "count": 100
        }
    },
    "metadata": {
        "timer_format_version": "0.1.0",
        "start_time_seconds": "1747908678",
        "python_version": "3.9.13 (tags/v3.9.13:6de2ca5, May 17 2022, 16:36:42) [MSC v.1929 64 bit (AMD64)]",
        "command_line_arguments": "C:\\Users\\Michal\\Documents\\GitHub\\AI-Parking-Assistant\\venv\\Scripts\\mlagents-learn config/moveToGoal.yaml --run-id=TEST1",
        "mlagents_version": "0.30.0",
        "mlagents_envs_version": "0.30.0",
        "communication_protocol_version": "1.5.0",
        "pytorch_version": "2.7.0+cpu",
        "numpy_version": "1.21.2",
        "end_time_seconds": "1747910026"
    },
    "total": 1347.2449531,
    "count": 1,
    "self": 0.006465599999955884,
    "children": {
        "run_training.setup": {
            "total": 0.2134513,
            "count": 1,
            "self": 0.2134513
        },
        "TrainerController.start_learning": {
            "total": 1347.0250362,
            "count": 1,
            "self": 2.1686671999962073,
            "children": {
                "TrainerController._reset_env": {
                    "total": 14.1589097,
                    "count": 1,
                    "self": 14.1589097
                },
                "TrainerController.advance": {
                    "total": 1330.6351351000037,
                    "count": 112099,
                    "self": 2.1441045000099166,
                    "children": {
                        "env_step": {
                            "total": 907.8006754999795,
                            "count": 112099,
                            "self": 797.655819299972,
                            "children": {
                                "SubprocessEnvManager._take_step": {
                                    "total": 108.73829799999021,
                                    "count": 112099,
                                    "self": 6.636889500031771,
                                    "children": {
                                        "TorchPolicy.evaluate": {
                                            "total": 102.10140849995844,
                                            "count": 111175,
                                            "self": 102.10140849995844
                                        }
                                    }
                                },
                                "workers": {
                                    "total": 1.406558200017347,
                                    "count": 112099,
                                    "self": 0.0,
                                    "children": {
                                        "worker_root": {
                                            "total": 1331.7880654999913,
                                            "count": 112099,
                                            "is_parallel": true,
                                            "self": 653.9234362999938,
                                            "children": {
                                                "steps_from_proto": {
                                                    "total": 0.0005383000000005467,
                                                    "count": 1,