{
    "name": "root",
    "metadata": {
        "timer_format_version": "0.1.0",
        "start_time_seconds": "1747412723",
        "python_version": "3.9.13 (tags/v3.9.13:6de2ca5, May 17 2022, 16:36:42) [MSC v.1929 64 bit (AMD64)]",
        "command_line_arguments": "C:\\Users\\Michal\\Documents\\GitHub\\AI-Parking-Assistant\\venv\\Scripts\\mlagents-learn config/moveToGoal.yaml --run-id=Trening5",
        "mlagents_version": "0.30.0",
        "mlagents_envs_version": "0.30.0",
        "communication_protocol_version": "1.5.0",
        "pytorch_version": "2.7.0+cpu",
        "numpy_version": "1.21.2",
        "end_time_seconds": "1747412826"
    },
    "total": 102.329732,
    "count": 1,
    "self": 0.00826820000000339,
    "children": {
        "run_training.setup": {
            "total": 0.2223603999999999,
            "count": 1,
            "self": 0.2223603999999999
        },
        "TrainerController.start_learning": {
            "total": 102.0991034,
            "count": 1,
            "self": 0.05327950000004478,
            "children": {
                "TrainerController._reset_env": {
                    "total": 10.0473975,
                    "count": 1,
                    "self": 10.0473975
                },
                "TrainerController.advance": {
                    "total": 91.88972109999996,
                    "count": 2641,
                    "self": 0.05019110000019111,
                    "children": {
                        "env_step": {
                            "total": 87.81187389999982,
                            "count": 2641,
                            "self": 85.62585609999962,
                            "children": {
                                "SubprocessEnvManager._take_step": {
                                    "total": 2.1523922000000706,
                                    "count": 2641,
                                    "self": 0.16229029999994538,
                                    "children": {
                                        "TorchPolicy.evaluate": {
                                            "total": 1.9901019000001252,
                                            "count": 2641,
                                            "self": 1.9901019000001252
                                        }
                                    }
                                },
                                "workers": {
                                    "total": 0.033625600000133815,
                                    "count": 2640,
                                    "self": 0.0,
                                    "children": {
                                        "worker_root": {
                                            "total": 30.327713699999876,
                                            "count": 2640,
                                            "is_parallel": true,
                                            "self": 10.561583199999816,
                                            "children": {
                                                "steps_from_proto": {
                                                    "total": 0.0003089000000002784,
                                                    "count": 1,
                                                    "is_parallel": true,
                                                    "self": 9.999999999976694e-05,
                                                    "children": {
                                                        "_process_rank_one_or_two_observation": {
                                                            "total": 0.00020890000000051145,
                                                            "count": 4,
                                                            "is_parallel": true,
                                                            "self": 0.00020890000000051145
                                                        }
                                                    }
                                                },
                                                "UnityEnvironment.step": {
                                                    "total": 19.76582160000006,
                                                    "count": 2640,
                                                    "is_parallel": true,
                                                    "self": 0.20281890000016745,
                                                    "children": {
                                                        "UnityEnvironment._generate_step_input": {
                                                            "total": 0.15675279999999958,
                                                            "count": 2640,
                                                            "is_parallel": true,
                                                            "self": 0.15675279999999958
                                                        },
                                                        "communicator.exchange": {
                                                            "total": 18.796299299999994,
                                                            "count": 2640,
                                                            "is_parallel": true,
                                                            "self": 18.796299299999994
                                                        },
                                                        "steps_from_proto": {
                                                            "total": 0.6099505999998982,
                                                            "count": 2640,
                                                            "is_parallel": true,
                                                            "self": 0.24638389999991084,
                                                            "children": {
                                                                "_process_rank_one_or_two_observation": {
                                                                    "total": 0.36356669999998736,
                                                                    "count": 10560,
                                                                    "is_parallel": true,
                                                                    "self": 0.36356669999998736
                                                                }
                                                            }
                                                        }
                                                    }
                                                }
                                            }
                                        }
                                    }
                                }
                            }
                        },
                        "trainer_advance": {
                            "total": 4.0276560999999464,
                            "count": 2640,
                            "self": 0.06553469999967376,
                            "children": {
                                "process_trajectory": {
                                    "total": 0.18718000000026258,
                                    "count": 2640,
                                    "self": 0.18718000000026258
                                },
                                "_update_policy": {
                                    "total": 3.77494140000001,
                                    "count": 19,
                                    "self": 0.44980049999995586,
                                    "children": {
                                        "TorchPPOOptimizer.update": {
                                            "total": 3.3251409000000542,
                                            "count": 720,