{
    "name": "root",
    "metadata": {
        "timer_format_version": "0.1.0",
        "start_time_seconds": "1747154621",
        "python_version": "3.9.13 (tags/v3.9.13:6de2ca5, May 17 2022, 16:36:42) [MSC v.1929 64 bit (AMD64)]",
        "command_line_arguments": "C:\\Users\\Michal\\Documents\\GitHub\\AI-Parking-Assistant\\venv\\Scripts\\mlagents-learn --force",
        "mlagents_version": "0.30.0",
        "mlagents_envs_version": "0.30.0",
        "communication_protocol_version": "1.5.0",
        "pytorch_version": "2.7.0+cpu",
        "numpy_version": "1.21.2",
        "end_time_seconds": "1747154749"
    },
    "total": 127.37572980000002,
    "count": 1,
    "self": 0.008211200000033614,
    "children": {
        "run_training.setup": {
            "total": 0.2228355999999998,
            "count": 1,
            "self": 0.2228355999999998
        },
        "TrainerController.start_learning": {
            "total": 127.14468299999999,
            "count": 1,
            "self": 0.06588960000001975,
            "children": {
                "TrainerController._reset_env": {
                    "total": 10.3660164,
                    "count": 1,
                    "self": 10.3660164
                },
                "TrainerController.advance": {
                    "total": 116.62613099999996,
                    "count": 3501,
                    "self": 0.06583689999995102,
                    "children": {
                        "env_step": {
                            "total": 116.2796344999999,
                            "count": 3501,
                            "self": 113.50361459999954,
                            "children": {
                                "SubprocessEnvManager._take_step": {
                                    "total": 2.7347134000000306,
                                    "count": 3501,
                                    "self": 0.2054503000000416,
                                    "children": {
                                        "TorchPolicy.evaluate": {
                                            "total": 2.529263099999989,
                                            "count": 3501,
                                            "self": 2.529263099999989
                                        }
                                    }
                                },
                                "workers": {
                                    "total": 0.04130650000032787,
                                    "count": 3500,
                                    "self": 0.0,
                                    "children": {
                                        "worker_root": {
                                            "total": 55.153942400000105,
                                            "count": 3500,
                                            "is_parallel": true,
                                            "self": 7.892550200000144,
                                            "children": {
                                                "steps_from_proto": {
                                                    "total": 0.0003051999999996724,
                                                    "count": 1,
                                                    "is_parallel": true,
                                                    "self": 0.00010739999999920258,
                                                    "children": {
                                                        "_process_rank_one_or_two_observation": {
                                                            "total": 0.00019780000000046982,
                                                            "count": 2,
                                                            "is_parallel": true,
                                                            "self": 0.00019780000000046982
                                                        }
                                                    }
                                                },
                                                "UnityEnvironment.step": {
                                                    "total": 47.26108699999996,
                                                    "count": 3500,
                                                    "is_parallel": true,
                                                    "self": 0.23728020000001493,
                                                    "children": {
                                                        "UnityEnvironment._generate_step_input": {
                                                            "total": 0.203402800000001,
                                                            "count": 3500,
                                                            "is_parallel": true,
                                                            "self": 0.203402800000001
                                                        },
                                                        "communicator.exchange": {
                                                            "total": 46.206510899999955,
                                                            "count": 3500,
                                                            "is_parallel": true,
                                                            "self": 46.206510899999955
                                                        },
                                                        "steps_from_proto": {
                                                            "total": 0.6138930999999932,
                                                            "count": 3500,
                                                            "is_parallel": true,
                                                            "self": 0.3013225999999989,
                                                            "children": {
                                                                "_process_rank_one_or_two_observation": {
                                                                    "total": 0.3125704999999943,
                                                                    "count": 7000,
                                                                    "is_parallel": true,
                                                                    "self": 0.3125704999999943
                                                                }
                                                            }
                                                        }
                                                    }
                                                }
                                            }
                                        }
                                    }
                                }
                            }
                        },
                        "trainer_advance": {
                            "total": 0.2806596000001029,
                            "count": 3500,
                            "self": 0.07627240000000768,
                            "children": {
                                "process_trajectory": {
                                    "total": 0.20438720000009525,
                                    "count": 3500,
                                    "self": 0.20438720000009525
                                }
                            }
                        }
                    }
                },
                "TrainerController._save_models": {
                    "total": 0.08664600000000178,
                    "count": 1,
                    "self": 2.4999999993724487e-05,
                    "children": {
                        "RLTrainer._checkpoint": {
                            "total": 0.08662100000000805,
                            "count": 1,