{
    "name": "root",
    "gauges": {
        "AgentControl.Policy.Entropy.mean": {
            "value": 1.4210056066513062,
            "min": 1.4210056066513062,
            "max": 1.4210056066513062,
            "count": 1
        },
        "AgentControl.Policy.Entropy.sum": {
            "value": 14937.611328125,
            "min": 14937.611328125,
            "max": 14937.611328125,
            "count": 1
        },
        "AgentControl.Step.mean": {
            "value": 9926.0,
            "min": 9926.0,
            "max": 9926.0,
            "count": 1
        },
        "AgentControl.Step.sum": {
            "value": 9926.0,
            "min": 9926.0,
            "max": 9926.0,
            "count": 1
        },
        "AgentControl.Policy.ExtrinsicValueEstimate.mean": {
            "value": 0.07159397751092911,
            "min": 0.07159397751092911,
            "max": 0.07159397751092911,
            "count": 1
        },
        "AgentControl.Policy.ExtrinsicValueEstimate.sum": {
            "value": 5.942299842834473,
            "min": 5.942299842834473,
            "max": 5.942299842834473,
            "count": 1
        },
        "AgentControl.Losses.PolicyLoss.mean": {
            "value": 0.030410053025116214,
            "min": 0.030410053025116214,
            "max": 0.030410053025116214,
            "count": 1
        },
        "AgentControl.Losses.PolicyLoss.sum": {
            "value": 0.12164021210046486,
            "min": 0.12164021210046486,
            "max": 0.12164021210046486,
            "count": 1
        },
        "AgentControl.Losses.ValueLoss.mean": {
            "value": 0.18559330692514778,
            "min": 0.18559330692514778,
            "max": 0.18559330692514778,
            "count": 1
        },
        "AgentControl.Losses.ValueLoss.sum": {
            "value": 0.7423732277005911,
            "min": 0.7423732277005911,
            "max": 0.7423732277005911,
            "count": 1
        },
        "AgentControl.Policy.LearningRate.mean": {
            "value": 9.994419255580751e-05,
            "min": 9.994419255580751e-05,
            "max": 9.994419255580751e-05,
            "count": 1
        },
        "AgentControl.Policy.LearningRate.sum": {
            "value": 0.00039977677022323005,
            "min": 0.00039977677022323005,
            "max": 0.00039977677022323005,
            "count": 1
        },
        "AgentControl.Policy.Epsilon.mean": {
            "value": 0.1999441925,
            "min": 0.1999441925,
            "max": 0.1999441925,
            "count": 1
        },
        "AgentControl.Policy.Epsilon.sum": {
            "value": 0.79977677,
            "min": 0.79977677,
            "max": 0.79977677,
            "count": 1
        },
        "AgentControl.Policy.Beta.mean": {
            "value": 0.029983263330749996,
            "min": 0.029983263330749996,
            "max": 0.029983263330749996,
            "count": 1
        },
        "AgentControl.Policy.Beta.sum": {
            "value": 0.11993305332299999,
            "min": 0.11993305332299999,
            "max": 0.11993305332299999,
            "count": 1
        },
        "AgentControl.Environment.EpisodeLength.mean": {
            "value": 750.0909090909091,
            "min": 750.0909090909091,
            "max": 750.0909090909091,
            "count": 1
        },
        "AgentControl.Environment.EpisodeLength.sum": {
            "value": 8251.0,
            "min": 8251.0,
            "max": 8251.0,
            "count": 1
        },
        "AgentControl.Environment.CumulativeReward.mean": {
            "value": 1.946105421944098,
            "min": 1.946105421944098,
            "max": 1.946105421944098,
            "count": 1
        },
        "AgentControl.Environment.CumulativeReward.sum": {
            "value": 21.40715964138508,
            "min": 21.40715964138508,
            "max": 21.40715964138508,
            "count": 1
        },
        "AgentControl.Policy.ExtrinsicReward.mean": {
            "value": 1.946105421944098,
            "min": 1.946105421944098,
            "max": 1.946105421944098,
            "count": 1
        },
        "AgentControl.Policy.ExtrinsicReward.sum": {
            "value": 21.40715964138508,
            "min": 21.40715964138508,
            "max": 21.40715964138508,
            "count": 1
        },
        "AgentControl.IsTraining.mean": {
            "value": 1.0,
            "min": 1.0,
            "max": 1.0,
            "count": 1
        },
        "AgentControl.IsTraining.sum": {
            "value": 1.0,
            "min": 1.0,
            "max": 1.0,
            "count": 1
        }
    },
    "metadata": {
        "timer_format_version": "0.1.0",
        "start_time_seconds": "1748203561",
        "python_version": "3.9.13 (tags/v3.9.13:6de2ca5, May 17 2022, 16:36:42) [MSC v.1929 64 bit (AMD64)]",
        "command_line_arguments": "C:\\AI-Parking-Assistant\\venv\\Scripts\\mlagents-learn config/moveToGoal.yaml --run-id=Dzien2505testnr1",
        "mlagents_version": "0.30.0",
        "mlagents_envs_version": "0.30.0",
        "communication_protocol_version": "1.5.0",
        "pytorch_version": "2.7.0+cpu",
        "numpy_version": "1.21.2",
        "end_time_seconds": "1748203685"
    },
    "total": 123.603632,
    "count": 1,
    "self": 10.006128000000004,
    "children": {
        "run_training.setup": {
            "total": 0.22020709999999966,
            "count": 1,
            "self": 0.22020709999999966
        },
        "TrainerController.start_learning": {
            "total": 113.3772969,
            "count": 1,
            "self": 0.03211830000013549,
            "children": {
                "TrainerController._reset_env": {
                    "total": 69.1162502,
                    "count": 1,
                    "self": 69.1162502
                },
                "TrainerController.advance": {
                    "total": 43.89250719999987,
                    "count": 1522,
                    "self": 0.03230869999929098,
                    "children": {
                        "env_step": {
                            "total": 38.00156340000018,
                            "count": 1522,
                            "self": 36.3856226999999,
                            "children": {
                                "SubprocessEnvManager._take_step": {
                                    "total": 1.596351800000619,
                                    "count": 1523,
                                    "self": 0.0971780000005964,
                                    "children": {
                                        "TorchPolicy.evaluate": {
                                            "total": 1.4991738000000225,
                                            "count": 1518,
                                            "self": 1.4991738000000225
                                        }
                                    }
                                },
                                "workers": {
                                    "total": 0.01958889999966118,
                                    "count": 1521,
                                    "self": 0.0,
                                    "children": {
                                        "worker_root": {
                                            "total": 36.28447850000026,
                                            "count": 1521,
                                            "is_parallel": true,
                                            "self": 18.9432865000005,
                                            "children": {
                                                "steps_from_proto": {
                                                    "total": 0.0038930000000014786,
                                                    "count": 2,
                                                    "is_parallel": true,