{
    "name": "root",
    "gauges": {
        "AgentControl.Policy.Entropy.mean": {
            "value": 1.9600836038589478,
            "min": 1.4211170673370361,
            "max": 1.9600836038589478,
            "count": 249
        },
        "AgentControl.Policy.Entropy.sum": {
            "value": 19228.419921875,
            "min": 14202.64453125,
            "max": 19842.060546875,
            "count": 249
        },
        "AgentControl.Step.mean": {
            "value": 2489884.0,
            "min": 9928.0,
            "max": 2489884.0,
            "count": 249
        },
        "AgentControl.Step.sum": {
            "value": 2489884.0,
            "min": 9928.0,
            "max": 2489884.0,
            "count": 249
        },
        "AgentControl.Policy.ExtrinsicValueEstimate.mean": {
            "value": 5.832884788513184,
            "min": 0.192599818110466,
            "max": 6.045358180999756,
            "count": 249
        },
        "AgentControl.Policy.ExtrinsicValueEstimate.sum": {
            "value": 460.7978820800781,
            "min": 15.793185234069824,
            "max": 493.715087890625,
            "count": 249
        },
        "AgentControl.Losses.PolicyLoss.mean": {
            "value": 0.02603982068685582,
            "min": 0.023189434432424605,
            "max": 0.038710008456837385,
            "count": 249
        },
        "AgentControl.Losses.PolicyLoss.sum": {
            "value": 0.10415928274742328,
            "min": 0.0987466948281508,
            "max": 0.1796235741407145,
            "count": 249
        },
        "AgentControl.Losses.ValueLoss.mean": {
            "value": 0.0034169330407166853,
            "min": 0.0003553873494092841,
            "max": 0.13166707506403325,
            "count": 249
        },
        "AgentControl.Losses.ValueLoss.sum": {
            "value": 0.013667732162866741,
            "min": 0.0017769367470464204,
            "max": 0.6583353753201663,
            "count": 249
        },
        "AgentControl.Policy.LearningRate.mean": {
            "value": 7.514938485063998e-05,
            "min": 7.514938485063998e-05,
            "max": 9.994415505584501e-05,
            "count": 249
        },
        "AgentControl.Policy.LearningRate.sum": {
            "value": 0.00030059753940255994,
            "min": 0.00030059753940255994,
            "max": 0.00049922871077129,
            "count": 249
        },
        "AgentControl.Policy.Epsilon.mean": {
            "value": 0.17514936000000003,
            "min": 0.17514936000000003,
            "max": 0.199944155,
            "count": 249
        },
        "AgentControl.Policy.Epsilon.sum": {
            "value": 0.7005974400000001,
            "min": 0.7005974400000001,
            "max": 0.99922871,
            "count": 249
        },
        "AgentControl.Policy.Beta.mean": {
            "value": 0.022547293064,
            "min": 0.022547293064,
            "max": 0.029983252084499996,
            "count": 249
        },
        "AgentControl.Policy.Beta.sum": {
            "value": 0.090189172256,
            "min": 0.090189172256,
            "max": 0.149768690129,
            "count": 249
        },
        "AgentControl.Environment.EpisodeLength.mean": {
            "value": 999.0,
            "min": 568.0,
            "max": 999.0,
            "count": 249
        },
        "AgentControl.Environment.EpisodeLength.sum": {
            "value": 8991.0,
            "min": 7914.0,
            "max": 12521.0,
            "count": 249
        },
        "AgentControl.Environment.CumulativeReward.mean": {
            "value": 61.48693407906426,
            "min": 3.239569267133872,
            "max": 62.22251505851746,
            "count": 249
        },
        "AgentControl.Environment.CumulativeReward.sum": {
            "value": 553.3824067115784,
            "min": 48.593539007008076,
            "max": 735.431559085846,
            "count": 249
        },
        "AgentControl.Policy.ExtrinsicReward.mean": {
            "value": 61.48693407906426,
            "min": 3.239569267133872,
            "max": 62.22251505851746,
            "count": 249
        },
        "AgentControl.Policy.ExtrinsicReward.sum": {
            "value": 553.3824067115784,
            "min": 48.593539007008076,
            "max": 735.431559085846,
            "count": 249
        },
        "AgentControl.IsTraining.mean": {
            "value": 1.0,
            "min": 1.0,
            "max": 1.0,
            "count": 249
        },
        "AgentControl.IsTraining.sum": {
            "value": 1.0,
            "min": 1.0,
            "max": 1.0,
            "count": 249
        }
    },
    "metadata": {
        "timer_format_version": "0.1.0",
        "start_time_seconds": "1747911303",
        "python_version": "3.9.13 (tags/v3.9.13:6de2ca5, May 17 2022, 16:36:42) [MSC v.1929 64 bit (AMD64)]",
        "command_line_arguments": "C:\\Users\\Michal\\Documents\\GitHub\\AI-Parking-Assistant\\venv\\Scripts\\mlagents-learn config/moveToGoal.yaml --run-id=TEST3",
        "mlagents_version": "0.30.0",
        "mlagents_envs_version": "0.30.0",
        "communication_protocol_version": "1.5.0",
        "pytorch_version": "2.7.0+cpu",
        "numpy_version": "1.21.2",
        "end_time_seconds": "1747914919"
    },
    "total": 3616.1583883000003,
    "count": 1,
    "self": 0.010148200000458019,
    "children": {
        "run_training.setup": {
            "total": 0.21329659999999961,
            "count": 1,
            "self": 0.21329659999999961
        },
        "TrainerController.start_learning": {
            "total": 3615.9349435,
            "count": 1,
            "self": 5.390251400032412,
            "children": {
                "TrainerController._reset_env": {
                    "total": 8.5062566,
                    "count": 1,
                    "self": 8.5062566
                },
                "TrainerController.advance": {
                    "total": 3601.9596717999675,
                    "count": 278651,
                    "self": 5.133119899902795,
                    "children": {
                        "env_step": {
                            "total": 2556.9022380999927,
                            "count": 278651,
                            "self": 2283.4712551999955,
                            "children": {
                                "SubprocessEnvManager._take_step": {
                                    "total": 269.96145580000314,
                                    "count": 278651,
                                    "self": 16.254519999947263,
                                    "children": {
                                        "TorchPolicy.evaluate": {
                                            "total": 253.70693580005587,
                                            "count": 276751,
                                            "self": 253.70693580005587
                                        }
                                    }
                                },
                                "workers": {
                                    "total": 3.4695270999938312,
                                    "count": 278650,
                                    "self": 0.0,
                                    "children": {
                                        "worker_root": {
                                            "total": 3479.2428794999587,
                                            "count": 278650,
                                            "is_parallel": true,
                                            "self": 1613.752601000056,
                                            "children": {
                                                "steps_from_proto": {
                                                    "total": 0.00041760000000046205,
                                                    "count": 1,
                                                    "is_parallel": true,