{
    "name": "root",
    "gauges": {
        "AgentControl.Policy.Entropy.mean": {
            "value": 1.4151439666748047,
            "min": 1.4151439666748047,
            "max": 1.4151439666748047,
            "count": 1
        },
        "AgentControl.Policy.Entropy.sum": {
            "value": 14366.541015625,
            "min": 14366.541015625,
            "max": 14366.541015625,
            "count": 1
        },
        "AgentControl.Step.mean": {
            "value": 9981.0,
            "min": 9981.0,
            "max": 9981.0,
            "count": 1
        },
        "AgentControl.Step.sum": {
            "value": 9981.0,
            "min": 9981.0,
            "max": 9981.0,
            "count": 1
        },
        "AgentControl.Policy.ExtrinsicValueEstimate.mean": {
            "value": -9.387615203857422,
            "min": -9.387615203857422,
            "max": -9.387615203857422,
            "count": 1
        },
        "AgentControl.Policy.ExtrinsicValueEstimate.sum": {
            "value": -1492.630859375,
            "min": -1492.630859375,
            "max": -1492.630859375,
            "count": 1
        },
        "AgentControl.Losses.PolicyLoss.mean": {
            "value": 0.0970244170489928,
            "min": 0.0970244170489928,
            "max": 0.0970244170489928,
            "count": 1
        },
        "AgentControl.Losses.PolicyLoss.sum": {
            "value": 0.3880976681959712,
            "min": 0.3880976681959712,
            "max": 0.3880976681959712,
            "count": 1
        },
        "AgentControl.Losses.ValueLoss.mean": {
            "value": 7.730924397127496,
            "min": 7.730924397127496,
            "max": 7.730924397127496,
            "count": 1
        },
        "AgentControl.Losses.ValueLoss.sum": {
            "value": 30.923697588509985,
            "min": 30.923697588509985,
            "max": 30.923697588509985,
            "count": 1
        },
        "AgentControl.Policy.LearningRate.mean": {
            "value": 9.885775114225001e-05,
            "min": 9.885775114225001e-05,
            "max": 9.885775114225001e-05,
            "count": 1
        },
        "AgentControl.Policy.LearningRate.sum": {
            "value": 0.00039543100456900003,
            "min": 0.00039543100456900003,
            "max": 0.00039543100456900003,
            "count": 1
        },
        "AgentControl.Policy.Epsilon.mean": {
            "value": 0.09999999999999998,
            "min": 0.09999999999999998,
            "max": 0.09999999999999998,
            "count": 1
        },
        "AgentControl.Policy.Epsilon.sum": {
            "value": 0.3999999999999999,
            "min": 0.3999999999999999,
            "max": 0.3999999999999999,
            "count": 1
        },
        "AgentControl.Policy.Beta.mean": {
            "value": 0.0010000000000000002,
            "min": 0.0010000000000000002,
            "max": 0.0010000000000000002,
            "count": 1
        },
        "AgentControl.Policy.Beta.sum": {
            "value": 0.004000000000000001,
            "min": 0.004000000000000001,
            "max": 0.004000000000000001,
            "count": 1
        },
        "AgentControl.Environment.EpisodeLength.mean": {
            "value": 980.0,
            "min": 980.0,
            "max": 980.0,
            "count": 1
        },
        "AgentControl.Environment.EpisodeLength.sum": {
            "value": 8820.0,
            "min": 8820.0,
            "max": 8820.0,
            "count": 1
        },
        "AgentControl.Environment.CumulativeReward.mean": {
            "value": -287.9868620766534,
            "min": -287.9868620766534,
            "max": -287.9868620766534,
            "count": 1
        },
        "AgentControl.Environment.CumulativeReward.sum": {
            "value": -2591.8817586898804,
            "min": -2591.8817586898804,
            "max": -2591.8817586898804,
            "count": 1
        },
        "AgentControl.Policy.ExtrinsicReward.mean": {
            "value": -287.9868620766534,
            "min": -287.9868620766534,
            "max": -287.9868620766534,
            "count": 1
        },
        "AgentControl.Policy.ExtrinsicReward.sum": {
            "value": -2591.8817586898804,
            "min": -2591.8817586898804,
            "max": -2591.8817586898804,
            "count": 1
        },
        "AgentControl.IsTraining.mean": {
            "value": 1.0,
            "min": 1.0,
            "max": 1.0,
            "count": 1
        },
        "AgentControl.IsTraining.sum": {
            "value": 1.0,
            "min": 1.0,
            "max": 1.0,
            "count": 1
        }
    },
    "metadata": {
        "timer_format_version": "0.1.0",
        "start_time_seconds": "1747691380",
        "python_version": "3.9.13 (tags/v3.9.13:6de2ca5, May 17 2022, 16:36:42) [MSC v.1929 64 bit (AMD64)]",
        "command_line_arguments": "C:\\Users\\Michal\\Documents\\GitHub\\AI-Parking-Assistant\\venv\\Scripts\\mlagents-learn config/moveToGoal.yaml --run-id=Test3",
        "mlagents_version": "0.30.0",
        "mlagents_envs_version": "0.30.0",
        "communication_protocol_version": "1.5.0",
        "pytorch_version": "2.7.0+cpu",
        "numpy_version": "1.21.2",
        "end_time_seconds": "1747691476"
    },
    "total": 96.03555300000001,
    "count": 1,
    "self": 0.01001820000000464,
    "children": {
        "run_training.setup": {
            "total": 0.2124804,
            "count": 1,
            "self": 0.2124804
        },
        "TrainerController.start_learning": {
            "total": 95.8130544,
            "count": 1,
            "self": 0.025210800000138534,
            "children": {
                "TrainerController._reset_env": {
                    "total": 55.1976651,
                    "count": 1,
                    "self": 55.1976651
                },
                "TrainerController.advance": {
                    "total": 40.47443989999986,
                    "count": 1195,
                    "self": 0.022610299999435313,
                    "children": {
                        "env_step": {
                            "total": 33.14429910000016,
                            "count": 1195,
                            "self": 32.050836300000356,
                            "children": {
                                "SubprocessEnvManager._take_step": {
                                    "total": 1.078230399999967,
                                    "count": 1196,
                                    "self": 0.0749327999998286,
                                    "children": {
                                        "TorchPolicy.evaluate": {
                                            "total": 1.0032976000001383,
                                            "count": 1195,
                                            "self": 1.0032976000001383
                                        }
                                    }
                                },
                                "workers": {
                                    "total": 0.01523239999983872,
                                    "count": 1194,
                                    "self": 0.0,
                                    "children": {
                                        "worker_root": {
                                            "total": 23.46270000000019,
                                            "count": 1194,
                                            "is_parallel": true,
                                            "self": 11.478460800000164,
                                            "children": {
                                                "steps_from_proto": {
                                                    "total": 0.00041620000000364143,
                                                    "count": 1,
                                                    "is_parallel": true,