{
    "name": "root",
    "gauges": {
        "AgentControl.Policy.Entropy.mean": {
            "value": 1.2931472063064575,
            "min": 1.293120265007019,
            "max": 1.4144753217697144,
            "count": 50
        },
        "AgentControl.Policy.Entropy.sum": {
            "value": 12953.455078125,
            "min": 12896.578125,
            "max": 14359.7529296875,
            "count": 50
        },
        "AgentControl.Step.mean": {
            "value": 499992.0,
            "min": 9960.0,
            "max": 499992.0,
            "count": 50
        },
        "AgentControl.Step.sum": {
            "value": 499992.0,
            "min": 9960.0,
            "max": 499992.0,
            "count": 50
        },
        "AgentControl.Policy.ExtrinsicValueEstimate.mean": {
            "value": -4.444909572601318,
            "min": -23.316312789916992,
            "max": -4.444909572601318,
            "count": 50
        },
        "AgentControl.Policy.ExtrinsicValueEstimate.sum": {
            "value": -3569.26220703125,
            "min": -3987.08935546875,
            "max": -1527.2811279296875,
            "count": 50
        },
        "AgentControl.Losses.PolicyLoss.mean": {
            "value": 0.09792806426121388,
            "min": 0.09191294493211899,
            "max": 0.1036970015859697,
            "count": 50
        },
        "AgentControl.Losses.PolicyLoss.sum": {
            "value": 0.4896403213060694,
            "min": 0.3847013583697844,
            "max": 0.5184850079298485,
            "count": 50
        },
        "AgentControl.Losses.ValueLoss.mean": {
            "value": 3.4807010574638846,
            "min": 1.4365309407814961,
            "max": 6.374047212447557,
            "count": 50
        },
        "AgentControl.Losses.ValueLoss.sum": {
            "value": 17.403505287319422,
            "min": 7.047617728667653,
            "max": 26.397771153599024,
            "count": 50
        },
        "AgentControl.Policy.LearningRate.mean": {
            "value": 1.0280589720399988e-06,
            "min": 1.0280589720399988e-06,
            "max": 9.885880114119999e-05,
            "count": 50
        },
        "AgentControl.Policy.LearningRate.sum": {
            "value": 5.140294860199994e-06,
            "min": 5.140294860199994e-06,
            "max": 0.00047562702437300004,
            "count": 50
        },
        "AgentControl.Policy.Epsilon.mean": {
            "value": 0.09999999999999999,
            "min": 0.09999999999999998,
            "max": 0.09999999999999999,
            "count": 50
        },
        "AgentControl.Policy.Epsilon.sum": {
            "value": 0.49999999999999994,
            "min": 0.3999999999999999,
            "max": 0.49999999999999994,
            "count": 50
        },
        "AgentControl.Policy.Beta.mean": {
            "value": 0.0010000000000000002,
            "min": 0.0010000000000000002,
            "max": 0.0010000000000000002,
            "count": 50
        },
        "AgentControl.Policy.Beta.sum": {
            "value": 0.005000000000000001,
            "min": 0.004000000000000001,
            "max": 0.005000000000000001,
            "count": 50
        },
        "AgentControl.Environment.EpisodeLength.mean": {
            "value": 11.453300124533001,
            "min": 11.453300124533001,
            "max": 999.0,
            "count": 50
        },
        "AgentControl.Environment.EpisodeLength.sum": {
            "value": 9197.0,
            "min": 8725.0,
            "max": 11232.0,
            "count": 50
        },
        "AgentControl.Environment.CumulativeReward.mean": {
            "value": -6.469380365659113,
            "min": -296.99181249406604,
            "max": -6.469380365659113,
            "count": 50
        },
        "AgentControl.Environment.CumulativeReward.sum": {
            "value": -5194.912433624268,
            "min": -5194.912433624268,
            "max": -2578.3434545993805,
            "count": 50
        },
        "AgentControl.Policy.ExtrinsicReward.mean": {
            "value": -6.469380365659113,
            "min": -296.99181249406604,
            "max": -6.469380365659113,
            "count": 50
        },
        "AgentControl.Policy.ExtrinsicReward.sum": {
            "value": -5194.912433624268,
            "min": -5194.912433624268,
            "max": -2578.3434545993805,
            "count": 50
        },
        "AgentControl.IsTraining.mean": {
            "value": 1.0,
            "min": 1.0,
            "max": 1.0,
            "count": 50
        },
        "AgentControl.IsTraining.sum": {
            "value": 1.0,
            "min": 1.0,
            "max": 1.0,
            "count": 50
        }
    },
    "metadata": {
        "timer_format_version": "0.1.0",
        "start_time_seconds": "1747692187",
        "python_version": "3.9.13 (tags/v3.9.13:6de2ca5, May 17 2022, 16:36:42) [MSC v.1929 64 bit (AMD64)]",
        "command_line_arguments": "C:\\Users\\Michal\\Documents\\GitHub\\AI-Parking-Assistant\\venv\\Scripts\\mlagents-learn config/moveToGoal.yaml --run-id=Test6",
        "mlagents_version": "0.30.0",
        "mlagents_envs_version": "0.30.0",
        "communication_protocol_version": "1.5.0",
        "pytorch_version": "2.7.0+cpu",
        "numpy_version": "1.21.2",
        "end_time_seconds": "1747693367"
    },
    "total": 1180.6882968999998,
    "count": 1,
    "self": 0.009123499999759588,
    "children": {
        "run_training.setup": {
            "total": 0.20568600000000004,
            "count": 1,
            "self": 0.20568600000000004
        },
        "TrainerController.start_learning": {
            "total": 1180.4734874,
            "count": 1,
            "self": 1.4247300000067753,
            "children": {
                "TrainerController._reset_env": {
                    "total": 10.044429800000001,
                    "count": 1,
                    "self": 10.044429800000001
                },
                "TrainerController.advance": {
                    "total": 1168.9215688999934,
                    "count": 73729,
                    "self": 1.2684275999629335,
                    "children": {
                        "env_step": {
                            "total": 522.5949377999925,
                            "count": 73729,
                            "self": 464.1967659999617,
                            "children": {
                                "SubprocessEnvManager._take_step": {
                                    "total": 57.53603910000944,
                                    "count": 73729,
                                    "self": 3.246091500005676,
                                    "children": {
                                        "TorchPolicy.evaluate": {
                                            "total": 54.289947600003764,
                                            "count": 55564,
                                            "self": 54.289947600003764
                                        }
                                    }
                                },
                                "workers": {
                                    "total": 0.8621327000213892,
                                    "count": 73729,
                                    "self": 0.0,
                                    "children": {
                                        "worker_root": {
                                            "total": 1170.3498729000153,
                                            "count": 73729,
                                            "is_parallel": true,
                                            "self": 775.5931686000347,
                                            "children": {
                                                "steps_from_proto": {
                                                    "total": 0.00045700000000081786,
                                                    "count": 1,