{
    "name": "root",
    "gauges": {
        "AgentControl.Policy.Entropy.mean": {
            "value": 1.2152498960494995,
            "min": 1.2152498960494995,
            "max": 1.4143422842025757,
            "count": 58
        },
        "AgentControl.Policy.Entropy.sum": {
            "value": 12140.3466796875,
            "min": 12140.3466796875,
            "max": 14358.40234375,
            "count": 58
        },
        "AgentControl.Step.mean": {
            "value": 579992.0,
            "min": 9960.0,
            "max": 579992.0,
            "count": 58
        },
        "AgentControl.Step.sum": {
            "value": 579992.0,
            "min": 9960.0,
            "max": 579992.0,
            "count": 58
        },
        "AgentControl.Policy.ExtrinsicValueEstimate.mean": {
            "value": -4.753664970397949,
            "min": -27.341066360473633,
            "max": -4.33007287979126,
            "count": 58
        },
        "AgentControl.Policy.ExtrinsicValueEstimate.sum": {
            "value": -3498.697509765625,
            "min": -4404.6328125,
            "max": -1533.6165771484375,
            "count": 58
        },
        "AgentControl.Losses.PolicyLoss.mean": {
            "value": 0.10079716332722455,
            "min": 0.09211130097974092,
            "max": 0.1048391872618231,
            "count": 58
        },
        "AgentControl.Losses.PolicyLoss.sum": {
            "value": 0.5039858166361227,
            "min": 0.3827781726529319,
            "max": 0.5241959363091155,
            "count": 58
        },
        "AgentControl.Losses.ValueLoss.mean": {
            "value": 4.129828282892705,
            "min": 1.373732804879546,
            "max": 6.73546178728342,
            "count": 58
        },
        "AgentControl.Losses.ValueLoss.sum": {
            "value": 20.64914141446352,
            "min": 5.7012690337615854,
            "max": 33.6773089364171,
            "count": 58
        },
        "AgentControl.Policy.LearningRate.mean": {
            "value": 9.425629974370598e-05,
            "min": 9.425629974370598e-05,
            "max": 9.994294005706e-05,
            "count": 58
        },
        "AgentControl.Policy.LearningRate.sum": {
            "value": 0.00047128149871852995,
            "min": 0.00037739498260504006,
            "max": 0.00049876126123874,
            "count": 58
        },
        "AgentControl.Policy.Epsilon.mean": {
            "value": 0.09999999999999999,
            "min": 0.09999999999999998,
            "max": 0.09999999999999999,
            "count": 58
        },
        "AgentControl.Policy.Epsilon.sum": {
            "value": 0.49999999999999994,
            "min": 0.3999999999999999,
            "max": 0.49999999999999994,
            "count": 58
        },
        "AgentControl.Policy.Beta.mean": {
            "value": 0.0010000000000000002,
            "min": 0.0010000000000000002,
            "max": 0.0010000000000000002,
            "count": 58
        },
        "AgentControl.Policy.Beta.sum": {
            "value": 0.005000000000000001,
            "min": 0.004000000000000001,
            "max": 0.005000000000000001,
            "count": 58
        },
        "AgentControl.Environment.EpisodeLength.mean": {
            "value": 12.578804347826088,
            "min": 11.5025,
            "max": 999.0,
            "count": 58
        },
        "AgentControl.Environment.EpisodeLength.sum": {
            "value": 9258.0,
            "min": 8752.0,
            "max": 11282.0,
            "count": 58
        },
        "AgentControl.Environment.CumulativeReward.mean": {
            "value": -6.858808369416257,
            "min": -304.8733679453532,
            "max": -6.4882751375436785,
            "count": 58
        },
        "AgentControl.Environment.CumulativeReward.sum": {
            "value": -5048.082959890366,
            "min": -5190.620110034943,
            "max": -2682.9831619262695,
            "count": 58
        },
        "AgentControl.Policy.ExtrinsicReward.mean": {
            "value": -6.858808369416257,
            "min": -304.8733679453532,
            "max": -6.4882751375436785,
            "count": 58
        },
        "AgentControl.Policy.ExtrinsicReward.sum": {
            "value": -5048.082959890366,
            "min": -5190.620110034943,
            "max": -2682.9831619262695,
            "count": 58
        },
        "AgentControl.IsTraining.mean": {
            "value": 1.0,
            "min": 1.0,
            "max": 1.0,
            "count": 58
        },
        "AgentControl.IsTraining.sum": {
            "value": 1.0,
            "min": 1.0,
            "max": 1.0,
            "count": 58
        }
    },
    "metadata": {
        "timer_format_version": "0.1.0",
        "start_time_seconds": "1747693651",
        "python_version": "3.9.13 (tags/v3.9.13:6de2ca5, May 17 2022, 16:36:42) [MSC v.1929 64 bit (AMD64)]",
        "command_line_arguments": "C:\\Users\\Michal\\Documents\\GitHub\\AI-Parking-Assistant\\venv\\Scripts\\mlagents-learn config/moveToGoal.yaml --run-id=Test7",
        "mlagents_version": "0.30.0",
        "mlagents_envs_version": "0.30.0",
        "communication_protocol_version": "1.5.0",
        "pytorch_version": "2.7.0+cpu",
        "numpy_version": "1.21.2",
        "end_time_seconds": "1747695044"
    },
    "total": 1393.3038796,
    "count": 1,
    "self": 0.004851500000086162,
    "children": {
        "run_training.setup": {
            "total": 0.20628650000000004,
            "count": 1,
            "self": 0.20628650000000004
        },
        "TrainerController.start_learning": {
            "total": 1393.0927416,
            "count": 1,
            "self": 1.6889568000360669,
            "children": {
                "TrainerController._reset_env": {
                    "total": 10.5815529,
                    "count": 1,
                    "self": 10.5815529
                },
                "TrainerController.advance": {
                    "total": 1380.734859699964,
                    "count": 87363,
                    "self": 1.5757803000060449,
                    "children": {
                        "env_step": {
                            "total": 620.8225540999795,
                            "count": 87363,
                            "self": 552.4203273000269,
                            "children": {
                                "SubprocessEnvManager._take_step": {
                                    "total": 67.36898449997088,
                                    "count": 87363,
                                    "self": 3.7373331999790196,
                                    "children": {
                                        "TorchPolicy.evaluate": {
                                            "total": 63.63165129999186,
                                            "count": 64974,
                                            "self": 63.63165129999186
                                        }
                                    }
                                },
                                "workers": {
                                    "total": 1.0332422999817528,
                                    "count": 87362,
                                    "self": 0.0,
                                    "children": {
                                        "worker_root": {
                                            "total": 1376.8104670000164,
                                            "count": 87362,
                                            "is_parallel": true,
                                            "self": 911.2386638000239,
                                            "children": {
                                                "steps_from_proto": {
                                                    "total": 0.00042710000000134585,
                                                    "count": 1,