{
    "name": "root",
    "gauges": {
        "AgentControl.Policy.Entropy.mean": {
            "value": 1.6095303297042847,
            "min": 1.420492172241211,
            "max": 1.6095303297042847,
            "count": 74
        },
        "AgentControl.Policy.Entropy.sum": {
            "value": 15934.3505859375,
            "min": 13257.2197265625,
            "max": 16364.0703125,
            "count": 74
        },
        "AgentControl.Step.mean": {
            "value": 739976.0,
            "min": 9969.0,
            "max": 739976.0,
            "count": 74
        },
        "AgentControl.Step.sum": {
            "value": 739976.0,
            "min": 9969.0,
            "max": 739976.0,
            "count": 74
        },
        "AgentControl.Policy.ExtrinsicValueEstimate.mean": {
            "value": 1.581039547920227,
            "min": -7.06205940246582,
            "max": 1.7360926866531372,
            "count": 74
        },
        "AgentControl.Policy.ExtrinsicValueEstimate.sum": {
            "value": 417.3944396972656,
            "min": -586.1509399414062,
            "max": 451.38409423828125,
            "count": 74
        },
        "AgentControl.Losses.PolicyLoss.mean": {
            "value": 0.032404773825837764,
            "min": 0.02269965624647739,
            "max": 0.036885450450354254,
            "count": 74
        },
        "AgentControl.Losses.PolicyLoss.sum": {
            "value": 0.1620238691291888,
            "min": 0.10728899666864891,
            "max": 0.18442725225177126,
            "count": 74
        },
        "AgentControl.Losses.ValueLoss.mean": {
            "value": 0.08368322610855103,
            "min": 0.017854347138199955,
            "max": 9.526675438880922,
            "count": 74
        },
        "AgentControl.Losses.ValueLoss.sum": {
            "value": 0.4184161305427551,
            "min": 0.07141738855279982,
            "max": 38.10670175552369,
            "count": 74
        },
        "AgentControl.Policy.LearningRate.mean": {
            "value": 9.26524073476e-05,
            "min": 9.26524073476e-05,
            "max": 9.994301505698501e-05,
            "count": 74
        },
        "AgentControl.Policy.LearningRate.sum": {
            "value": 0.000463262036738,
            "min": 0.00037139781860221,
            "max": 0.0004992185307814699,
            "count": 74
        },
        "AgentControl.Policy.Epsilon.mean": {
            "value": 0.1926524,
            "min": 0.1926524,
            "max": 0.19994301499999997,
            "count": 74
        },
        "AgentControl.Policy.Epsilon.sum": {
            "value": 0.9632620000000001,
            "min": 0.77139779,
            "max": 0.99921853,
            "count": 74
        },
        "AgentControl.Policy.Beta.mean": {
            "value": 0.027796454759999995,
            "min": 0.027796454759999995,
            "max": 0.029982910198499992,
            "count": 74
        },
        "AgentControl.Policy.Beta.sum": {
            "value": 0.13898227379999997,
            "min": 0.111422197221,
            "max": 0.149765637147,
            "count": 74
        },
        "AgentControl.Environment.EpisodeLength.mean": {
            "value": 36.870722433460074,
            "min": 35.98518518518519,
            "max": 934.2727272727273,
            "count": 74
        },
        "AgentControl.Environment.EpisodeLength.sum": {
            "value": 9697.0,
            "min": 2540.0,
            "max": 13058.0,
            "count": 74
        },
        "AgentControl.Environment.CumulativeReward.mean": {
            "value": 3.699725901877338,
            "min": -110.17760152067058,
            "max": 4.073859672859846,
            "count": 74
        },
        "AgentControl.Environment.CumulativeReward.sum": {
            "value": 976.7276380956173,
            "min": -1762.8416243307292,
            "max": 1051.4933191239834,
            "count": 74
        },
        "AgentControl.Policy.ExtrinsicReward.mean": {
            "value": 3.699725901877338,
            "min": -110.17760152067058,
            "max": 4.073859672859846,
            "count": 74
        },
        "AgentControl.Policy.ExtrinsicReward.sum": {
            "value": 976.7276380956173,
            "min": -1762.8416243307292,
            "max": 1051.4933191239834,
            "count": 74
        },
        "AgentControl.IsTraining.mean": {
            "value": 1.0,
            "min": 1.0,
            "max": 1.0,
            "count": 74
        },
        "AgentControl.IsTraining.sum": {
            "value": 1.0,
            "min": 1.0,
            "max": 1.0,
            "count": 74
        }
    },
    "metadata": {
        "timer_format_version": "0.1.0",
        "start_time_seconds": "1748287503",
        "python_version": "3.9.13 (tags/v3.9.13:6de2ca5, May 17 2022, 16:36:42) [MSC v.1929 64 bit (AMD64)]",
        "command_line_arguments": "C:\\Users\\Michal\\Documents\\GitHub\\AI-Parking-Assistant\\venv\\Scripts\\mlagents-learn config/moveToGoal.yaml --run-id=duzoautkow1",
        "mlagents_version": "0.30.0",
        "mlagents_envs_version": "0.30.0",
        "communication_protocol_version": "1.5.0",
        "pytorch_version": "2.7.0+cpu",
        "numpy_version": "1.21.2",
        "end_time_seconds": "1748288366"
    },
    "total": 863.0665312,
    "count": 1,
    "self": 0.005281700000068668,
    "children": {
        "run_training.setup": {
            "total": 0.2065640000000002,
            "count": 1,
            "self": 0.2065640000000002
        },
        "TrainerController.start_learning": {
            "total": 862.8546855,
            "count": 1,
            "self": 1.03687240000761,
            "children": {
                "TrainerController._reset_env": {
                    "total": 8.9023599,
                    "count": 1,
                    "self": 8.9023599
                },
                "TrainerController.advance": {
                    "total": 852.8105161999925,
                    "count": 49904,
                    "self": 1.0294458999754852,
                    "children": {
                        "env_step": {
                            "total": 522.9778745000003,
                            "count": 49904,
                            "self": 479.7629353999951,
                            "children": {
                                "SubprocessEnvManager._take_step": {
                                    "total": 42.56936560000737,
                                    "count": 49904,
                                    "self": 2.740909000009772,
                                    "children": {
                                        "TorchPolicy.evaluate": {
                                            "total": 39.8284565999976,
                                            "count": 41517,
                                            "self": 39.8284565999976
                                        }
                                    }
                                },
                                "workers": {
                                    "total": 0.6455734999978429,
                                    "count": 49903,
                                    "self": 0.0,
                                    "children": {
                                        "worker_root": {
                                            "total": 847.4454394000027,
                                            "count": 49903,
                                            "is_parallel": true,
                                            "self": 438.3469456999849,
                                            "children": {
                                                "steps_from_proto": {
                                                    "total": 0.0009122000000001407,
                                                    "count": 1,
                                                    "is_parallel": true,